{
  "posts": [
    {
      "title": "Primer Post",
      "content": "Illo juan, que no sale",
      "author": "YoNoHabloMuyBien",
      "id": 1
    },
    {
      "title": "Segundo posti",
      "content": "Obrigado a deu",
      "author": "3sdsd",
      "id": 2
    },
    {
      "title": "Tercer Post",
      "content": "Estamos mu bien dormiditos en casa",
      "author": "SoyUnNuevoAutor",
      "id": 3
    }
  ],
  "users": [
    {
      "name": "Blake",
      "nick": "joseju",
      "tel": "19",
      "edad": "19",
      "correo": "capibara@gmail.com",
      "id": 1
    },
    {
      "name": "Eseba",
      "nick": "3sdsd",
      "tel": "3",
      "edad": "3",
      "correo": "niideadeestobroxD@gmail.com",
      "id": 2
    },
    {
      "name": "Josemari",
      "nick": "erpepe",
      "tel": "12",
      "edad": "12",
      "correo": "esonoexistejajaxd@divino.com",
      "id": 10
    },
    {
      "name": "asdasd",
      "nick": "otroasd",
      "tel": "15",
      "edad": "15",
      "correo": "brolixD@gmail.com",
      "id": 11
    },
    {
      "name": "soyAñañín",
      "nick": "YoNoHabloMuyBien",
      "tel": "420",
      "edad": "420",
      "correo": "algunajajasalu2@gmail.com",
      "id": 12
    },
    {
      "name": "josemanu",
      "nick": "SoyUnNuevoAutor",
      "tel": "19",
      "edad": "19",
      "correo": "capibara@gmail.com",
      "id": 13
    }
  ],
  "comments": [
    {
      "contenido": "Este es un nuevo comentario que funciona correctamente",
      "idAuthor": "erpepe",
      "idPost": "1",
      "id": 1
    },
    {
      "contenido": "Este comentario solo está disponible en el segundo post",
      "idAuthor": "SoyUnNuevoAutor",
      "idPost": "2",
      "id": 2
    },
    {
      "contenido": "Se anidan bien los comentarios, no hay problem",
      "idAuthor": "joseju",
      "idPost": "1",
      "id": 3
    }
  ]
}